enter_datetime,exit_datetime,enter_price,exit_price,direction,revenue,enter_reason,exit_reason
2023-09-05 09:40:00-04:00,2023-09-05 10:19:00-04:00,188.43499755859372,188.75999450683597,sell,-0.32499694824224434,moving_average,stop_loss
2023-09-05 10:20:00-04:00,2023-09-05 10:52:00-04:00,188.8491973876953,189.2899932861328,sell,-0.4407958984375,moving_average,stop_loss
2023-09-05 10:53:00-04:00,2023-09-05 12:11:00-04:00,189.28219604492188,189.5845947265625,sell,-0.302398681640625,moving_average,stop_loss
2023-09-05 15:50:00-04:00,2023-09-05 15:59:00-04:00,189.6000061035156,189.69000244140625,buy,0.08999633789065342,moving_average,last_row
2023-09-05 09:40:00-04:00,2023-09-05 09:47:00-04:00,330.44000244140625,330.7414855957031,sell,-0.301483154296875,moving_average,stop_loss
2023-09-05 09:54:00-04:00,2023-09-05 09:57:00-04:00,329.4898986816406,329.07000732421875,buy,-0.419891357421875,moving_average,stop_loss
2023-09-05 09:58:00-04:00,2023-09-05 10:22:00-04:00,328.8599853515625,329.9750061035156,buy,1.115020751953125,moving_average,take_profit
2023-09-05 10:24:00-04:00,2023-09-05 10:27:00-04:00,330.4700012207031,330.8099975585937,sell,-0.33999633789056816,moving_average,stop_loss
2023-09-05 10:38:00-04:00,2023-09-05 10:52:00-04:00,331.1499938964844,331.6700134277344,sell,-0.52001953125,moving_average,stop_loss
2023-09-05 10:53:00-04:00,2023-09-05 11:00:00-04:00,331.6711120605469,332.3800048828125,sell,-0.708892822265625,moving_average,stop_loss
2023-09-05 11:01:00-04:00,2023-09-05 11:02:00-04:00,332.2200012207031,332.5599975585937,sell,-0.33999633789056816,moving_average,stop_loss
2023-09-05 11:03:00-04:00,2023-09-05 11:04:00-04:00,332.8699951171875,333.44000244140625,sell,-0.57000732421875,moving_average,stop_loss
2023-09-05 11:05:00-04:00,2023-09-05 11:06:00-04:00,333.6300048828125,333.9507141113281,sell,-0.320709228515625,moving_average,stop_loss
2023-09-05 11:07:00-04:00,2023-09-05 11:08:00-04:00,334.1700134277344,334.69610595703125,sell,-0.526092529296875,moving_average,stop_loss
2023-09-05 11:09:00-04:00,2023-09-05 11:12:00-04:00,334.4070129394531,334.77850341796875,sell,-0.371490478515625,moving_average,stop_loss
2023-09-05 11:29:00-04:00,2023-09-05 11:37:00-04:00,333.2799987792969,332.8888854980469,buy,-0.39111328125,moving_average,stop_loss
2023-09-05 11:41:00-04:00,2023-09-05 12:03:00-04:00,332.56500244140625,333.6000061035156,buy,1.035003662109375,moving_average,take_profit
2023-09-05 13:42:00-04:00,2023-09-05 15:59:00-04:00,334.0098876953125,333.5799865722656,sell,0.429901123046875,moving_average,last_row
2023-09-05 09:36:00-04:00,2023-09-05 09:57:00-04:00,136.57130432128906,136.17999267578125,buy,-0.3913116455078125,moving_average,stop_loss
2023-09-05 09:58:00-04:00,2023-09-05 14:47:00-04:00,136.0500030517578,137.0500030517578,buy,1.0,moving_average,take_profit
2023-09-05 15:30:00-04:00,2023-09-05 15:54:00-04:00,136.9788055419922,137.3350067138672,sell,-0.356201171875,moving_average,stop_loss
2023-09-06 09:36:00-04:00,2023-09-06 09:39:00-04:00,187.83999633789065,187.4499969482422,buy,-0.3899993896484659,moving_average,stop_loss
2023-09-06 09:40:00-04:00,2023-09-06 09:41:00-04:00,187.42999267578125,187.1000061035156,buy,-0.3299865722656534,moving_average,stop_loss
2023-09-06 09:42:00-04:00,2023-09-06 09:48:00-04:00,187.08999633789065,186.7749938964844,buy,-0.31500244140625,moving_average,stop_loss
2023-09-06 09:51:00-04:00,2023-09-06 10:00:00-04:00,187.31500244140625,186.16000366210935,sell,1.1549987792969034,moving_average,take_profit
2023-09-06 10:01:00-04:00,2023-09-06 10:03:00-04:00,185.75509643554688,185.3699951171875,buy,-0.385101318359375,moving_average,stop_loss
2023-09-06 10:04:00-04:00,2023-09-06 10:05:00-04:00,185.0865936279297,184.7855987548828,buy,-0.300994873046875,moving_average,stop_loss
2023-09-06 10:06:00-04:00,2023-09-06 10:11:00-04:00,184.66000366210935,184.25999450683597,buy,-0.40000915527338066,moving_average,stop_loss
2023-09-06 10:12:00-04:00,2023-09-06 10:18:00-04:00,184.05999755859372,185.1280059814453,buy,1.068008422851591,moving_average,take_profit
2023-09-06 10:19:00-04:00,2023-09-06 10:28:00-04:00,185.31500244140625,184.2010040283203,sell,1.1139984130859375,moving_average,take_profit
2023-09-06 10:29:00-04:00,2023-09-06 11:03:00-04:00,184.1699981689453,183.8600006103516,buy,-0.3099975585937216,moving_average,stop_loss
2023-09-06 11:08:00-04:00,2023-09-06 12:29:00-04:00,183.6100006103516,183.2104034423828,buy,-0.3995971679687784,moving_average,stop_loss
2023-09-06 12:31:00-04:00,2023-09-06 13:45:00-04:00,183.11099243164065,182.70989990234372,buy,-0.40109252929693184,moving_average,stop_loss
2023-09-06 13:48:00-04:00,2023-09-06 15:01:00-04:00,183.0800018310547,182.0,sell,1.0800018310546875,moving_average,take_profit
2023-09-06 15:20:00-04:00,2023-09-06 15:29:00-04:00,181.8300018310547,181.5200042724609,buy,-0.3099975585937784,moving_average,stop_loss
2023-09-06 15:42:00-04:00,2023-09-06 15:50:00-04:00,181.9949951171875,182.5186004638672,sell,-0.5236053466796875,moving_average,stop_loss
2023-09-06 15:51:00-04:00,2023-09-06 15:55:00-04:00,182.43499755859372,182.88999938964844,sell,-0.4550018310547159,moving_average,stop_loss
2023-09-06 15:57:00-04:00,2023-09-06 15:59:00-04:00,182.8500061035156,182.88999938964844,sell,-0.03999328613284092,moving_average,last_row
2023-09-06 09:43:00-04:00,2023-09-06 09:44:00-04:00,333.38848876953125,333.739990234375,sell,-0.35150146484375,moving_average,stop_loss
2023-09-06 09:45:00-04:00,2023-09-06 09:51:00-04:00,333.6700134277344,334.04998779296875,sell,-0.379974365234375,moving_average,stop_loss
2023-09-06 09:52:00-04:00,2023-09-06 10:00:00-04:00,334.2799987792969,332.7186889648437,sell,1.5613098144531818,moving_average,take_profit
2023-09-06 10:01:00-04:00,2023-09-06 10:05:00-04:00,332.6199951171875,332.0199890136719,buy,-0.600006103515625,moving_average,stop_loss
2023-09-06 10:06:00-04:00,2023-09-06 10:14:00-04:00,332.010009765625,331.3399963378906,buy,-0.670013427734375,moving_average,stop_loss
2023-09-06 10:18:00-04:00,2023-09-06 10:37:00-04:00,332.2099914550781,332.54998779296875,sell,-0.339996337890625,moving_average,stop_loss
2023-09-06 10:38:00-04:00,2023-09-06 10:59:00-04:00,332.4800109863281,331.3500061035156,sell,1.1300048828125,moving_average,take_profit
2023-09-06 11:00:00-04:00,2023-09-06 11:11:00-04:00,331.3900146484375,331.0299987792969,buy,-0.360015869140625,moving_average,stop_loss
2023-09-06 12:29:00-04:00,2023-09-06 12:41:00-04:00,330.8888854980469,330.5299987792969,buy,-0.35888671875,moving_average,stop_loss
2023-09-06 15:10:00-04:00,2023-09-06 15:15:00-04:00,331.8500061035156,332.2149963378906,sell,-0.364990234375,moving_average,stop_loss
2023-09-06 15:27:00-04:00,2023-09-06 15:32:00-04:00,331.8900146484375,331.5899963378906,buy,-0.300018310546875,moving_average,stop_loss
2023-09-06 09:37:00-04:00,2023-09-06 09:41:00-04:00,136.24000549316406,136.5489959716797,sell,-0.308990478515625,moving_average,stop_loss
2023-09-06 09:42:00-04:00,2023-09-06 09:51:00-04:00,136.58999633789062,137.00100708007812,sell,-0.4110107421875,moving_average,stop_loss
2023-09-06 09:52:00-04:00,2023-09-06 09:57:00-04:00,137.1204071044922,137.42340087890625,sell,-0.3029937744140625,moving_average,stop_loss
2023-09-06 10:00:00-04:00,2023-09-06 10:02:00-04:00,136.67999267578125,136.22999572753906,buy,-0.4499969482421875,moving_average,stop_loss
2023-09-06 10:03:00-04:00,2023-09-06 10:06:00-04:00,136.25,135.94000244140625,buy,-0.30999755859375,moving_average,stop_loss
2023-09-06 10:07:00-04:00,2023-09-06 11:11:00-04:00,135.93190002441406,135.6199951171875,buy,-0.3119049072265625,moving_average,stop_loss
2023-09-06 11:19:00-04:00,2023-09-06 12:44:00-04:00,135.86000061035156,134.75990295410156,sell,1.10009765625,moving_average,take_profit
2023-09-06 12:46:00-04:00,2023-09-06 15:59:00-04:00,134.6999969482422,135.36000061035156,buy,0.660003662109375,moving_average,last_row
2023-09-07 09:36:00-04:00,2023-09-07 09:37:00-04:00,176.30999755859375,176.6154022216797,sell,-0.3054046630859375,moving_average,stop_loss
2023-09-07 09:38:00-04:00,2023-09-07 09:41:00-04:00,176.6383056640625,177.3800048828125,sell,-0.74169921875,moving_average,stop_loss
2023-09-07 09:42:00-04:00,2023-09-07 09:46:00-04:00,177.22999572753906,177.74000549316406,sell,-0.510009765625,moving_average,stop_loss
2023-09-07 09:48:00-04:00,2023-09-07 09:53:00-04:00,176.85000610351562,176.41000366210938,buy,-0.44000244140625,moving_average,stop_loss
2023-09-07 09:54:00-04:00,2023-09-07 10:45:00-04:00,176.0399932861328,177.08999633789062,buy,1.0500030517578125,moving_average,take_profit
2023-09-07 10:51:00-04:00,2023-09-07 11:12:00-04:00,176.75900268554688,177.97500610351562,buy,1.21600341796875,moving_average,take_profit
2023-09-07 11:13:00-04:00,2023-09-07 11:53:00-04:00,177.92999267578125,176.84500122070312,sell,1.084991455078125,moving_average,take_profit
2023-09-07 12:11:00-04:00,2023-09-07 13:08:00-04:00,176.75990295410156,176.38999938964844,buy,-0.369903564453125,moving_average,stop_loss
2023-09-07 13:11:00-04:00,2023-09-07 13:13:00-04:00,176.35830688476562,176.0399932861328,buy,-0.3183135986328125,moving_average,stop_loss
2023-09-07 13:14:00-04:00,2023-09-07 13:58:00-04:00,176.0500030517578,177.06500244140625,buy,1.0149993896484375,moving_average,take_profit
2023-09-07 14:41:00-04:00,2023-09-07 14:54:00-04:00,176.87840270996094,177.25999450683594,sell,-0.381591796875,moving_average,stop_loss
2023-09-07 14:55:00-04:00,2023-09-07 15:31:00-04:00,177.2801055908203,177.67999267578125,sell,-0.3998870849609375,moving_average,stop_loss
2023-09-07 15:32:00-04:00,2023-09-07 15:59:00-04:00,177.7299041748047,177.55999755859375,sell,0.1699066162109375,moving_average,last_row
2023-09-07 09:38:00-04:00,2023-09-07 09:42:00-04:00,330.3599853515625,331.67999267578125,buy,1.32000732421875,moving_average,take_profit
2023-09-07 09:44:00-04:00,2023-09-07 10:20:00-04:00,331.42498779296875,331.7799987792969,sell,-0.355010986328125,moving_average,stop_loss
2023-09-07 10:21:00-04:00,2023-09-07 10:31:00-04:00,331.9100036621094,330.8599853515625,sell,1.050018310546875,moving_average,take_profit
2023-09-07 10:32:00-04:00,2023-09-07 10:38:00-04:00,330.739990234375,331.9437866210937,buy,1.2037963867186932,moving_average,take_profit
2023-09-07 10:39:00-04:00,2023-09-07 10:40:00-04:00,332.04998779296875,332.4414978027344,sell,-0.391510009765625,moving_average,stop_loss
2023-09-07 10:41:00-04:00,2023-09-07 11:21:00-04:00,332.6300048828125,331.260009765625,sell,1.3699951171875,moving_average,take_profit
2023-09-07 11:22:00-04:00,2023-09-07 11:25:00-04:00,331.2149963378906,330.8599853515625,buy,-0.355010986328125,moving_average,stop_loss
2023-09-07 11:34:00-04:00,2023-09-07 12:07:00-04:00,331.3299865722656,331.8900146484375,sell,-0.560028076171875,moving_average,stop_loss
2023-09-07 12:21:00-04:00,2023-09-07 12:49:00-04:00,331.2773132324219,330.9599914550781,buy,-0.31732177734375,moving_average,stop_loss
2023-09-07 13:08:00-04:00,2023-09-07 14:13:00-04:00,330.3900146484375,330.0592956542969,buy,-0.330718994140625,moving_average,stop_loss
2023-09-07 14:33:00-04:00,2023-09-07 14:53:00-04:00,329.0849914550781,330.114990234375,buy,1.029998779296875,moving_average,take_profit
2023-09-07 15:08:00-04:00,2023-09-07 15:51:00-04:00,329.6400146484375,330.6875,buy,1.0474853515625,moving_average,take_profit
2023-09-07 09:36:00-04:00,2023-09-07 09:41:00-04:00,133.9199981689453,134.25999450683594,sell,-0.339996337890625,moving_average,stop_loss
2023-09-07 09:42:00-04:00,2023-09-07 09:49:00-04:00,134.42999267578125,134.77000427246094,sell,-0.3400115966796875,moving_average,stop_loss
2023-09-07 09:50:00-04:00,2023-09-07 09:58:00-04:00,134.7899932861328,135.10000610351562,sell,-0.3100128173828125,moving_average,stop_loss
2023-09-07 09:59:00-04:00,2023-09-07 10:10:00-04:00,135.3000030517578,135.62730407714844,sell,-0.327301025390625,moving_average,stop_loss
2023-09-07 10:11:00-04:00,2023-09-07 10:14:00-04:00,135.8000030517578,136.11000061035156,sell,-0.30999755859375,moving_average,stop_loss
2023-09-07 10:20:00-04:00,2023-09-07 10:45:00-04:00,136.22999572753906,136.6750030517578,sell,-0.44500732421875,moving_average,stop_loss
2023-09-07 10:51:00-04:00,2023-09-07 10:54:00-04:00,136.3300018310547,136.01499938964844,buy,-0.31500244140625,moving_average,stop_loss
2023-09-07 10:57:00-04:00,2023-09-07 11:55:00-04:00,135.9499969482422,135.64999389648438,buy,-0.3000030517578125,moving_average,stop_loss
2023-09-07 11:56:00-04:00,2023-09-07 13:03:00-04:00,135.52999877929688,136.52999877929688,buy,1.0,moving_average,take_profit
2023-09-07 13:07:00-04:00,2023-09-07 13:53:00-04:00,136.3300018310547,137.36000061035156,buy,1.029998779296875,moving_average,take_profit
2023-09-07 13:55:00-04:00,2023-09-07 15:44:00-04:00,137.47999572753906,137.84500122070312,sell,-0.3650054931640625,moving_average,stop_loss
2023-09-07 15:46:00-04:00,2023-09-07 15:59:00-04:00,137.8800048828125,137.85000610351562,sell,0.029998779296875,moving_average,last_row
2023-09-08 09:37:00-04:00,2023-09-08 09:40:00-04:00,179.3905029296875,179.7100067138672,sell,-0.3195037841796875,moving_average,stop_loss
2023-09-08 09:41:00-04:00,2023-09-08 11:10:00-04:00,179.82000732421875,178.8000030517578,sell,1.0200042724609375,moving_average,take_profit
2023-09-08 11:22:00-04:00,2023-09-08 11:25:00-04:00,179.4949951171875,179.8249969482422,sell,-0.3300018310546875,moving_average,stop_loss
2023-09-08 11:32:00-04:00,2023-09-08 14:13:00-04:00,180.05990600585938,179.01499938964844,sell,1.0449066162109375,moving_average,take_profit
2023-09-08 14:14:00-04:00,2023-09-08 14:38:00-04:00,178.88999938964844,178.55999755859375,buy,-0.3300018310546875,moving_average,stop_loss
2023-09-08 14:39:00-04:00,2023-09-08 14:54:00-04:00,178.38900756835938,178.04010009765625,buy,-0.348907470703125,moving_average,stop_loss
2023-09-08 15:01:00-04:00,2023-09-08 15:59:00-04:00,177.97000122070312,178.19000244140625,buy,0.220001220703125,moving_average,last_row
2023-09-08 09:36:00-04:00,2023-09-08 09:42:00-04:00,332.3999938964844,332.7200012207031,sell,-0.32000732421875,moving_average,stop_loss
2023-09-08 09:46:00-04:00,2023-09-08 09:48:00-04:00,333.1600036621094,333.885009765625,sell,-0.725006103515625,moving_average,stop_loss
2023-09-08 09:49:00-04:00,2023-09-08 10:03:00-04:00,334.0299987792969,334.4750061035156,sell,-0.44500732421875,moving_average,stop_loss
2023-09-08 10:04:00-04:00,2023-09-08 10:06:00-04:00,334.5400085449219,335.0799865722656,sell,-0.53997802734375,moving_average,stop_loss
2023-09-08 10:12:00-04:00,2023-09-08 10:15:00-04:00,335.1600036621094,335.5400085449219,sell,-0.3800048828125,moving_average,stop_loss
2023-09-08 10:16:00-04:00,2023-09-08 10:20:00-04:00,335.3515014648437,335.8399963378906,sell,-0.48849487304693184,moving_average,stop_loss
2023-09-08 10:30:00-04:00,2023-09-08 10:41:00-04:00,335.8399963378906,334.510009765625,sell,1.329986572265625,moving_average,take_profit
2023-09-08 10:51:00-04:00,2023-09-08 11:30:00-04:00,334.95489501953125,335.29998779296875,sell,-0.3450927734375,moving_average,stop_loss
2023-09-08 11:32:00-04:00,2023-09-08 11:37:00-04:00,335.6400146484375,336.0299987792969,sell,-0.389984130859375,moving_average,stop_loss
2023-09-08 11:56:00-04:00,2023-09-08 12:00:00-04:00,335.44000244140625,335.1099853515625,buy,-0.33001708984375,moving_average,stop_loss
2023-09-08 12:32:00-04:00,2023-09-08 12:47:00-04:00,334.510009765625,334.17999267578125,buy,-0.33001708984375,moving_average,stop_loss
2023-09-08 13:16:00-04:00,2023-09-08 14:01:00-04:00,335.1737976074219,335.8299865722656,sell,-0.65618896484375,moving_average,stop_loss
2023-09-08 14:03:00-04:00,2023-09-08 14:11:00-04:00,335.9949951171875,334.51568603515625,sell,1.47930908203125,moving_average,take_profit
2023-09-08 14:12:00-04:00,2023-09-08 14:26:00-04:00,334.54998779296875,334.2250061035156,buy,-0.324981689453125,moving_average,stop_loss
2023-09-08 14:36:00-04:00,2023-09-08 14:59:00-04:00,334.7799987792969,333.7300109863281,sell,1.04998779296875,moving_average,take_profit
2023-09-08 15:00:00-04:00,2023-09-08 15:36:00-04:00,333.5899963378906,333.2699890136719,buy,-0.32000732421875,moving_average,stop_loss
2023-09-08 15:37:00-04:00,2023-09-08 15:56:00-04:00,333.2049865722656,334.2449951171875,buy,1.040008544921875,moving_average,take_profit
2023-09-08 09:42:00-04:00,2023-09-08 10:13:00-04:00,137.63999938964844,137.9550018310547,sell,-0.31500244140625,moving_average,stop_loss
2023-09-08 10:14:00-04:00,2023-09-08 10:17:00-04:00,137.91000366210938,138.27999877929688,sell,-0.3699951171875,moving_average,stop_loss
2023-09-08 10:18:00-04:00,2023-09-08 11:20:00-04:00,138.27499389648438,138.6300048828125,sell,-0.355010986328125,moving_average,stop_loss
2023-09-08 11:45:00-04:00,2023-09-08 12:01:00-04:00,138.5124053955078,138.2050018310547,buy,-0.307403564453125,moving_average,stop_loss
2023-09-08 12:15:00-04:00,2023-09-08 15:59:00-04:00,138.5312957763672,138.22999572753906,sell,0.301300048828125,moving_average,last_row
2023-09-11 09:36:00-04:00,2023-09-11 09:38:00-04:00,179.17999267578125,178.75,buy,-0.42999267578125,moving_average,stop_loss
2023-09-11 09:39:00-04:00,2023-09-11 09:45:00-04:00,178.4499969482422,178.0290069580078,buy,-0.420989990234375,moving_average,stop_loss
2023-09-11 09:46:00-04:00,2023-09-11 09:51:00-04:00,177.8800048828125,177.57000732421875,buy,-0.30999755859375,moving_average,stop_loss
2023-09-11 09:53:00-04:00,2023-09-11 09:55:00-04:00,177.96499633789062,178.3000030517578,sell,-0.3350067138671875,moving_average,stop_loss
2023-09-11 09:56:00-04:00,2023-09-11 11:19:00-04:00,178.1999969482422,178.5399932861328,sell,-0.339996337890625,moving_average,stop_loss
2023-09-11 11:25:00-04:00,2023-09-11 13:21:00-04:00,178.85499572753906,179.17999267578125,sell,-0.3249969482421875,moving_average,stop_loss
2023-09-11 13:22:00-04:00,2023-09-11 14:14:00-04:00,179.1750030517578,179.47999572753906,sell,-0.30499267578125,moving_average,stop_loss
2023-09-11 15:24:00-04:00,2023-09-11 15:59:00-04:00,179.8800048828125,179.3800048828125,sell,0.5,moving_average,last_row
2023-09-11 09:37:00-04:00,2023-09-11 09:38:00-04:00,336.9100036621094,336.5599975585937,buy,-0.35000610351568184,moving_average,stop_loss
2023-09-11 09:39:00-04:00,2023-09-11 09:41:00-04:00,336.7149963378906,336.2300109863281,buy,-0.4849853515625,moving_average,stop_loss
2023-09-11 09:42:00-04:00,2023-09-11 09:55:00-04:00,336.3299865722656,337.33990478515625,buy,1.009918212890625,moving_average,take_profit
2023-09-11 09:56:00-04:00,2023-09-11 10:11:00-04:00,337.4750061035156,336.3399963378906,sell,1.135009765625,moving_average,take_profit
2023-09-11 10:12:00-04:00,2023-09-11 11:24:00-04:00,335.7742004394531,336.95001220703125,buy,1.175811767578125,moving_average,take_profit
2023-09-11 11:28:00-04:00,2023-09-11 12:36:00-04:00,337.3399963378906,336.1650085449219,sell,1.17498779296875,moving_average,take_profit
2023-09-11 12:37:00-04:00,2023-09-11 13:30:00-04:00,336.0599975585937,337.3299865722656,buy,1.2699890136719318,moving_average,take_profit
2023-09-11 09:38:00-04:00,2023-09-11 10:02:00-04:00,139.63999938964844,140.77000427246094,buy,1.1300048828125,moving_average,take_profit
2023-09-11 10:03:00-04:00,2023-09-11 10:41:00-04:00,140.71499633789062,141.07000732421875,sell,-0.355010986328125,moving_average,stop_loss
2023-09-11 10:42:00-04:00,2023-09-11 10:50:00-04:00,140.95010375976562,141.3000946044922,sell,-0.3499908447265625,moving_average,stop_loss
2023-09-11 10:51:00-04:00,2023-09-11 11:18:00-04:00,141.32000732421875,141.65640258789062,sell,-0.336395263671875,moving_average,stop_loss
2023-09-11 11:25:00-04:00,2023-09-11 13:38:00-04:00,141.77859497070312,142.0800018310547,sell,-0.3014068603515625,moving_average,stop_loss
2023-09-11 13:51:00-04:00,2023-09-11 14:32:00-04:00,142.3800048828125,142.71249389648438,sell,-0.332489013671875,moving_average,stop_loss
2023-09-11 14:41:00-04:00,2023-09-11 15:34:00-04:00,142.39869689941406,143.42999267578125,buy,1.0312957763671875,moving_average,take_profit
2023-09-11 15:49:00-04:00,2023-09-11 15:55:00-04:00,143.32000732421875,142.97999572753906,buy,-0.3400115966796875,moving_average,stop_loss
2023-09-11 15:56:00-04:00,2023-09-11 15:59:00-04:00,142.94000244140625,143.1199951171875,buy,0.17999267578125,moving_average,last_row
2023-09-12 09:38:00-04:00,2023-09-12 09:46:00-04:00,179.39010620117188,179.08999633789062,buy,-0.30010986328125,moving_average,stop_loss
2023-09-12 09:47:00-04:00,2023-09-12 09:49:00-04:00,179.02349853515625,178.60499572753906,buy,-0.4185028076171875,moving_average,stop_loss
2023-09-12 09:50:00-04:00,2023-09-12 10:02:00-04:00,178.5050048828125,178.0399932861328,buy,-0.4650115966796875,moving_average,stop_loss
2023-09-12 10:03:00-04:00,2023-09-12 10:28:00-04:00,177.9250946044922,177.5800018310547,buy,-0.3450927734375,moving_average,stop_loss
2023-09-12 10:29:00-04:00,2023-09-12 10:35:00-04:00,177.5500030517578,177.08999633789062,buy,-0.4600067138671875,moving_average,stop_loss
2023-09-12 10:36:00-04:00,2023-09-12 10:42:00-04:00,177.1759033203125,176.75999450683594,buy,-0.4159088134765625,moving_average,stop_loss
2023-09-12 10:43:00-04:00,2023-09-12 10:54:00-04:00,176.718994140625,176.24000549316406,buy,-0.4789886474609375,moving_average,stop_loss
2023-09-12 10:55:00-04:00,2023-09-12 13:20:00-04:00,176.4199981689453,177.52980041503906,buy,1.10980224609375,moving_average,take_profit
2023-09-12 13:21:00-04:00,2023-09-12 13:53:00-04:00,177.5500030517578,176.14999389648438,sell,1.4000091552734375,moving_average,take_profit
2023-09-12 13:54:00-04:00,2023-09-12 13:56:00-04:00,176.05999755859375,175.55999755859375,buy,-0.5,moving_average,stop_loss
2023-09-12 13:57:00-04:00,2023-09-12 14:19:00-04:00,175.84620666503906,175.4199981689453,buy,-0.42620849609375,moving_average,stop_loss
2023-09-12 14:20:00-04:00,2023-09-12 14:26:00-04:00,175.11000061035156,176.1300048828125,buy,1.0200042724609375,moving_average,take_profit
2023-09-12 14:27:00-04:00,2023-09-12 14:32:00-04:00,176.1199951171875,176.4199981689453,sell,-0.3000030517578125,moving_average,stop_loss
2023-09-12 14:33:00-04:00,2023-09-12 14:49:00-04:00,176.67999267578125,175.67999267578125,sell,1.0,moving_average,take_profit
2023-09-12 14:50:00-04:00,2023-09-12 15:15:00-04:00,175.35000610351562,175.0500030517578,buy,-0.3000030517578125,moving_average,stop_loss
2023-09-12 15:25:00-04:00,2023-09-12 15:30:00-04:00,175.52330017089844,175.86000061035156,sell,-0.336700439453125,moving_average,stop_loss
2023-09-12 15:42:00-04:00,2023-09-12 15:54:00-04:00,175.90989685058594,176.3383026123047,sell,-0.42840576171875,moving_average,stop_loss
2023-09-12 15:55:00-04:00,2023-09-12 15:59:00-04:00,176.26820373535156,176.30999755859375,sell,-0.0417938232421875,moving_average,last_row
2023-09-12 09:40:00-04:00,2023-09-12 10:13:00-04:00,336.3399963378906,335.29998779296875,sell,1.040008544921875,moving_average,take_profit
2023-09-12 10:22:00-04:00,2023-09-12 10:24:00-04:00,335.2049865722656,334.8800048828125,buy,-0.324981689453125,moving_average,stop_loss
2023-09-12 10:25:00-04:00,2023-09-12 10:38:00-04:00,334.5400085449219,334.19000244140625,buy,-0.350006103515625,moving_average,stop_loss
2023-09-12 10:42:00-04:00,2023-09-12 10:52:00-04:00,333.7200012207031,333.3900146484375,buy,-0.329986572265625,moving_average,stop_loss
2023-09-12 10:53:00-04:00,2023-09-12 11:09:00-04:00,333.4100036621094,333.07000732421875,buy,-0.339996337890625,moving_average,stop_loss
2023-09-12 11:10:00-04:00,2023-09-12 11:23:00-04:00,332.69000244140625,332.29998779296875,buy,-0.3900146484375,moving_average,stop_loss
2023-09-12 11:30:00-04:00,2023-09-12 11:47:00-04:00,332.81988525390625,333.1700134277344,sell,-0.350128173828125,moving_average,stop_loss
2023-09-12 12:04:00-04:00,2023-09-12 12:17:00-04:00,333.6600036621094,334.0299987792969,sell,-0.3699951171875,moving_average,stop_loss
2023-09-12 13:09:00-04:00,2023-09-12 13:23:00-04:00,332.9560852050781,333.9599914550781,buy,1.00390625,moving_average,take_profit
2023-09-12 13:24:00-04:00,2023-09-12 13:44:00-04:00,334.1199951171875,332.989990234375,sell,1.1300048828125,moving_average,take_profit
2023-09-12 14:01:00-04:00,2023-09-12 15:15:00-04:00,331.9700012207031,331.5899963378906,buy,-0.3800048828125,moving_average,stop_loss
2023-09-12 15:55:00-04:00,2023-09-12 15:58:00-04:00,332.1430969238281,331.6099853515625,buy,-0.533111572265625,moving_average,stop_loss
2023-09-12 09:38:00-04:00,2023-09-12 10:27:00-04:00,141.82000732421875,141.46359252929688,buy,-0.356414794921875,moving_average,stop_loss
2023-09-12 10:28:00-04:00,2023-09-12 10:30:00-04:00,141.47999572753906,141.14199829101562,buy,-0.3379974365234375,moving_average,stop_loss
2023-09-12 10:31:00-04:00,2023-09-12 10:59:00-04:00,141.26499938964844,140.88499450683594,buy,-0.3800048828125,moving_average,stop_loss
2023-09-12 11:09:00-04:00,2023-09-12 12:42:00-04:00,140.8249969482422,141.91859436035156,buy,1.093597412109375,moving_average,take_profit
2023-09-12 13:05:00-04:00,2023-09-12 13:19:00-04:00,142.27999877929688,142.63999938964844,sell,-0.3600006103515625,moving_average,stop_loss
2023-09-12 13:21:00-04:00,2023-09-12 13:47:00-04:00,142.69500732421875,141.64500427246094,sell,1.0500030517578125,moving_average,take_profit
2023-09-12 13:48:00-04:00,2023-09-12 14:41:00-04:00,141.61000061035156,141.2949981689453,buy,-0.31500244140625,moving_average,stop_loss
2023-09-13 09:36:00-04:00,2023-09-13 09:38:00-04:00,176.00999450683594,175.42999267578125,buy,-0.5800018310546875,moving_average,stop_loss
2023-09-13 09:40:00-04:00,2023-09-13 09:50:00-04:00,175.460205078125,175.0,buy,-0.460205078125,moving_average,stop_loss
2023-09-13 09:51:00-04:00,2023-09-13 09:59:00-04:00,174.76499938964844,175.80819702148438,buy,1.0431976318359375,moving_average,take_profit
2023-09-13 10:01:00-04:00,2023-09-13 10:14:00-04:00,175.8300018310547,174.68020629882812,sell,1.1497955322265625,moving_average,take_profit
2023-09-13 10:15:00-04:00,2023-09-13 11:30:00-04:00,174.4250030517578,175.44500732421875,buy,1.0200042724609375,moving_average,take_profit
2023-09-13 11:45:00-04:00,2023-09-13 11:48:00-04:00,175.29629516601562,175.702392578125,sell,-0.406097412109375,moving_average,stop_loss
2023-09-13 11:49:00-04:00,2023-09-13 12:05:00-04:00,175.6748046875,175.98989868164062,sell,-0.315093994140625,moving_average,stop_loss
2023-09-13 12:12:00-04:00,2023-09-13 12:40:00-04:00,175.82000732421875,175.43899536132812,buy,-0.381011962890625,moving_average,stop_loss
2023-09-13 12:55:00-04:00,2023-09-13 14:31:00-04:00,175.658203125,174.61300659179688,sell,1.045196533203125,moving_average,take_profit
2023-09-13 14:49:00-04:00,2023-09-13 14:54:00-04:00,174.8300018310547,174.47500610351562,buy,-0.3549957275390625,moving_average,stop_loss
2023-09-13 14:55:00-04:00,2023-09-13 15:55:00-04:00,174.46499633789062,174.14999389648438,buy,-0.31500244140625,moving_average,stop_loss
2023-09-13 15:56:00-04:00,2023-09-13 15:59:00-04:00,174.3699951171875,174.16000366210938,buy,-0.209991455078125,moving_average,last_row
2023-09-13 09:36:00-04:00,2023-09-13 09:41:00-04:00,334.3900146484375,335.1199951171875,sell,-0.72998046875,moving_average,stop_loss
2023-09-13 09:42:00-04:00,2023-09-13 09:54:00-04:00,335.07501220703125,333.8486022949219,sell,1.226409912109375,moving_average,take_profit
2023-09-13 09:55:00-04:00,2023-09-13 09:57:00-04:00,333.5,334.510009765625,buy,1.010009765625,moving_average,take_profit
2023-09-13 09:58:00-04:00,2023-09-13 10:04:00-04:00,334.6099853515625,333.25,sell,1.3599853515625,moving_average,take_profit
2023-09-13 10:05:00-04:00,2023-09-13 10:07:00-04:00,333.239990234375,332.9100036621094,buy,-0.329986572265625,moving_average,stop_loss
2023-09-13 10:10:00-04:00,2023-09-13 10:15:00-04:00,332.6700134277344,332.3299865722656,buy,-0.34002685546875,moving_average,stop_loss
2023-09-13 10:16:00-04:00,2023-09-13 10:25:00-04:00,332.2099914550781,333.4200134277344,buy,1.21002197265625,moving_average,take_profit
2023-09-13 10:26:00-04:00,2023-09-13 10:31:00-04:00,333.67999267578125,334.0400085449219,sell,-0.360015869140625,moving_average,stop_loss
2023-09-13 10:39:00-04:00,2023-09-13 11:05:00-04:00,334.7298889160156,335.17999267578125,sell,-0.450103759765625,moving_average,stop_loss
2023-09-13 11:27:00-04:00,2023-09-13 11:51:00-04:00,335.3594970703125,334.0487060546875,sell,1.310791015625,moving_average,take_profit
2023-09-13 12:20:00-04:00,2023-09-13 12:22:00-04:00,335.1919860839844,335.55499267578125,sell,-0.363006591796875,moving_average,stop_loss
2023-09-13 12:55:00-04:00,2023-09-13 13:24:00-04:00,336.010009765625,336.3500061035156,sell,-0.339996337890625,moving_average,stop_loss
2023-09-13 14:04:00-04:00,2023-09-13 14:50:00-04:00,336.1499938964844,335.7699890136719,buy,-0.3800048828125,moving_average,stop_loss
2023-09-13 14:54:00-04:00,2023-09-13 15:09:00-04:00,335.25,334.92999267578125,buy,-0.32000732421875,moving_average,stop_loss
2023-09-13 15:55:00-04:00,2023-09-13 15:59:00-04:00,336.114990234375,335.9200134277344,sell,0.194976806640625,moving_average,last_row
2023-09-13 09:36:00-04:00,2023-09-13 09:41:00-04:00,142.3000030517578,142.70010375976562,sell,-0.4001007080078125,moving_average,stop_loss
2023-09-13 09:42:00-04:00,2023-09-13 10:15:00-04:00,142.8000030517578,141.7899932861328,sell,1.010009765625,moving_average,take_profit
2023-09-13 10:16:00-04:00,2023-09-13 10:25:00-04:00,141.7899932861328,142.9300994873047,buy,1.140106201171875,moving_average,take_profit
2023-09-13 10:26:00-04:00,2023-09-13 10:40:00-04:00,142.97000122070312,143.30999755859375,sell,-0.339996337890625,moving_average,stop_loss
2023-09-13 10:41:00-04:00,2023-09-13 10:48:00-04:00,143.39999389648438,143.75999450683594,sell,-0.3600006103515625,moving_average,stop_loss
2023-09-13 10:51:00-04:00,2023-09-13 11:05:00-04:00,143.99000549316406,144.31199645996094,sell,-0.321990966796875,moving_average,stop_loss
2023-09-13 11:23:00-04:00,2023-09-13 15:51:00-04:00,144.33799743652344,144.69000244140625,sell,-0.3520050048828125,moving_average,stop_loss
2023-09-13 15:52:00-04:00,2023-09-13 15:59:00-04:00,144.72999572753906,144.86000061035156,sell,-0.1300048828125,moving_average,last_row
2023-09-14 09:36:00-04:00,2023-09-14 09:37:00-04:00,174.5749969482422,174.93499755859375,sell,-0.3600006103515625,moving_average,stop_loss
2023-09-14 09:38:00-04:00,2023-09-14 09:41:00-04:00,175.02200317382812,175.4600067138672,sell,-0.4380035400390625,moving_average,stop_loss
2023-09-14 09:42:00-04:00,2023-09-14 10:18:00-04:00,175.46800231933594,174.41000366210938,sell,1.0579986572265625,moving_average,take_profit
2023-09-14 10:22:00-04:00,2023-09-14 10:31:00-04:00,174.71499633789062,175.1898956298828,sell,-0.4748992919921875,moving_average,stop_loss
2023-09-14 10:32:00-04:00,2023-09-14 10:45:00-04:00,175.08999633789062,175.49000549316406,sell,-0.4000091552734375,moving_average,stop_loss
2023-09-14 10:46:00-04:00,2023-09-14 12:15:00-04:00,175.5399932861328,175.88999938964844,sell,-0.350006103515625,moving_average,stop_loss
2023-09-14 12:21:00-04:00,2023-09-14 12:38:00-04:00,175.5102996826172,175.09500122070312,buy,-0.4152984619140625,moving_average,stop_loss
2023-09-14 12:51:00-04:00,2023-09-14 15:59:00-04:00,175.81500244140625,175.67999267578125,sell,0.135009765625,moving_average,last_row
2023-09-14 09:36:00-04:00,2023-09-14 09:40:00-04:00,338.0350036621094,339.1600036621094,buy,1.125,moving_average,take_profit
2023-09-14 09:41:00-04:00,2023-09-14 09:53:00-04:00,339.2900085449219,337.5799865722656,sell,1.71002197265625,moving_average,take_profit
2023-09-14 09:54:00-04:00,2023-09-14 09:55:00-04:00,337.3353881835937,336.989990234375,buy,-0.34539794921869316,moving_average,stop_loss
2023-09-14 09:56:00-04:00,2023-09-14 10:29:00-04:00,336.8183898925781,337.82550048828125,buy,1.007110595703125,moving_average,take_profit
2023-09-14 10:31:00-04:00,2023-09-14 10:43:00-04:00,338.2200012207031,338.6600036621094,sell,-0.44000244140625,moving_average,stop_loss
2023-09-14 10:44:00-04:00,2023-09-14 10:47:00-04:00,338.9599914550781,339.489990234375,sell,-0.529998779296875,moving_average,stop_loss
2023-09-14 10:48:00-04:00,2023-09-14 10:51:00-04:00,339.4200134277344,339.8800048828125,sell,-0.459991455078125,moving_average,stop_loss
2023-09-14 11:09:00-04:00,2023-09-14 11:31:00-04:00,340.69000244140625,339.45001220703125,sell,1.239990234375,moving_average,take_profit
2023-09-14 11:32:00-04:00,2023-09-14 11:39:00-04:00,339.3599853515625,338.9649963378906,buy,-0.394989013671875,moving_average,stop_loss
2023-09-14 11:41:00-04:00,2023-09-14 11:52:00-04:00,338.6448974609375,339.8479919433594,buy,1.203094482421875,moving_average,take_profit
2023-09-14 11:53:00-04:00,2023-09-14 11:59:00-04:00,339.82000732421875,340.19000244140625,sell,-0.3699951171875,moving_average,stop_loss
2023-09-14 12:15:00-04:00,2023-09-14 12:35:00-04:00,340.6000061035156,339.46661376953125,sell,1.133392333984375,moving_average,take_profit
2023-09-14 15:27:00-04:00,2023-09-14 15:59:00-04:00,338.45001220703125,338.67999267578125,buy,0.22998046875,moving_average,last_row
2023-09-14 09:38:00-04:00,2023-09-14 09:41:00-04:00,144.38999938964844,144.02000427246094,buy,-0.3699951171875,moving_average,stop_loss
2023-09-14 09:42:00-04:00,2023-09-14 09:50:00-04:00,143.93499755859375,143.2100067138672,buy,-0.7249908447265625,moving_average,stop_loss
2023-09-14 09:51:00-04:00,2023-09-14 09:55:00-04:00,143.4600067138672,143.0500030517578,buy,-0.410003662109375,moving_average,stop_loss
2023-09-14 09:57:00-04:00,2023-09-14 09:59:00-04:00,143.48500061035156,143.8000030517578,sell,-0.31500244140625,moving_average,stop_loss
2023-09-14 10:00:00-04:00,2023-09-14 10:14:00-04:00,143.74000549316406,144.13999938964844,sell,-0.399993896484375,moving_average,stop_loss
2023-09-14 10:15:00-04:00,2023-09-14 10:40:00-04:00,144.3000030517578,144.85009765625,sell,-0.5500946044921875,moving_average,stop_loss
2023-09-14 10:41:00-04:00,2023-09-14 10:44:00-04:00,145.0,145.3800048828125,sell,-0.3800048828125,moving_average,stop_loss
2023-09-14 10:45:00-04:00,2023-09-14 15:01:00-04:00,145.42999267578125,145.72999572753906,sell,-0.3000030517578125,moving_average,stop_loss
2023-09-14 15:17:00-04:00,2023-09-14 15:28:00-04:00,145.53500366210938,145.22000122070312,buy,-0.31500244140625,moving_average,stop_loss
2023-09-14 15:51:00-04:00,2023-09-14 15:59:00-04:00,144.64999389648438,144.69000244140625,buy,0.040008544921875,moving_average,last_row
2023-09-15 09:36:00-04:00,2023-09-15 10:58:00-04:00,175.72000122070312,174.62159729003906,sell,1.0984039306640625,moving_average,take_profit
2023-09-15 10:59:00-04:00,2023-09-15 13:19:00-04:00,174.57000732421875,174.24989318847656,buy,-0.3201141357421875,moving_average,stop_loss
2023-09-15 13:22:00-04:00,2023-09-15 15:58:00-04:00,174.02499389648438,175.02999877929688,buy,1.0050048828125,moving_average,take_profit
2023-09-15 09:37:00-04:00,2023-09-15 09:42:00-04:00,335.2300109863281,334.8099975585937,buy,-0.42001342773443184,moving_average,stop_loss
2023-09-15 09:43:00-04:00,2023-09-15 09:44:00-04:00,334.6300048828125,334.1199951171875,buy,-0.510009765625,moving_average,stop_loss
2023-09-15 09:45:00-04:00,2023-09-15 09:47:00-04:00,334.0899963378906,333.75,buy,-0.339996337890625,moving_average,stop_loss
2023-09-15 09:49:00-04:00,2023-09-15 09:55:00-04:00,333.6700134277344,333.17999267578125,buy,-0.490020751953125,moving_average,stop_loss
2023-09-15 09:56:00-04:00,2023-09-15 10:14:00-04:00,332.7099914550781,332.3399963378906,buy,-0.3699951171875,moving_average,stop_loss
2023-09-15 10:18:00-04:00,2023-09-15 10:20:00-04:00,333.0400085449219,333.385009765625,sell,-0.345001220703125,moving_average,stop_loss
2023-09-15 10:21:00-04:00,2023-09-15 11:01:00-04:00,333.57501220703125,332.4840087890625,sell,1.09100341796875,moving_average,take_profit
2023-09-15 11:15:00-04:00,2023-09-15 11:20:00-04:00,332.1700134277344,331.7550048828125,buy,-0.415008544921875,moving_average,stop_loss
2023-09-15 11:27:00-04:00,2023-09-15 12:10:00-04:00,332.3900146484375,332.7300109863281,sell,-0.339996337890625,moving_average,stop_loss
2023-09-15 12:37:00-04:00,2023-09-15 13:12:00-04:00,333.1199951171875,332.010009765625,sell,1.1099853515625,moving_average,take_profit
2023-09-15 13:21:00-04:00,2023-09-15 13:30:00-04:00,331.3349914550781,330.7900085449219,buy,-0.54498291015625,moving_average,stop_loss
2023-09-15 13:49:00-04:00,2023-09-15 14:14:00-04:00,331.0799865722656,330.75,buy,-0.329986572265625,moving_average,stop_loss
2023-09-15 14:51:00-04:00,2023-09-15 15:12:00-04:00,329.95001220703125,330.9849853515625,buy,1.03497314453125,moving_average,take_profit
2023-09-15 15:30:00-04:00,2023-09-15 15:53:00-04:00,331.4200134277344,330.3099975585937,sell,1.1100158691406818,moving_average,take_profit
2023-09-15 09:36:00-04:00,2023-09-15 09:37:00-04:00,142.83090209960938,142.31500244140625,buy,-0.515899658203125,moving_average,stop_loss
2023-09-15 09:38:00-04:00,2023-09-15 09:41:00-04:00,142.2899932861328,141.9499969482422,buy,-0.339996337890625,moving_average,stop_loss
2023-09-15 09:42:00-04:00,2023-09-15 10:09:00-04:00,141.66000366210938,141.26499938964844,buy,-0.3950042724609375,moving_average,stop_loss
2023-09-15 10:10:00-04:00,2023-09-15 10:44:00-04:00,141.1300048828125,140.75999450683594,buy,-0.3700103759765625,moving_average,stop_loss
2023-09-15 10:46:00-04:00,2023-09-15 10:51:00-04:00,140.6898956298828,140.2012939453125,buy,-0.4886016845703125,moving_average,stop_loss
2023-09-15 10:52:00-04:00,2023-09-15 12:40:00-04:00,140.22999572753906,141.24000549316406,buy,1.010009765625,moving_average,take_profit
2023-09-15 12:41:00-04:00,2023-09-15 15:59:00-04:00,141.31039428710938,140.39999389648438,sell,0.910400390625,moving_average,last_row
2023-09-18 09:36:00-04:00,2023-09-18 09:43:00-04:00,178.8300018310547,177.50489807128906,sell,1.325103759765625,moving_average,take_profit
2023-09-18 09:44:00-04:00,2023-09-18 09:45:00-04:00,177.6999969482422,177.39999389648438,buy,-0.3000030517578125,moving_average,stop_loss
2023-09-18 09:46:00-04:00,2023-09-18 10:37:00-04:00,176.90499877929688,176.5399932861328,buy,-0.3650054931640625,moving_average,stop_loss
2023-09-18 10:43:00-04:00,2023-09-18 11:00:00-04:00,176.8699951171875,177.18499755859375,sell,-0.31500244140625,moving_average,stop_loss
2023-09-18 11:02:00-04:00,2023-09-18 11:17:00-04:00,177.39999389648438,177.7050018310547,sell,-0.3050079345703125,moving_average,stop_loss
2023-09-18 12:42:00-04:00,2023-09-18 15:45:00-04:00,179.0850067138672,178.05999755859375,sell,1.0250091552734375,moving_average,take_profit
2023-09-18 15:56:00-04:00,2023-09-18 15:59:00-04:00,177.9199981689453,177.97999572753906,buy,0.05999755859375,moving_average,last_row
2023-09-18 09:36:00-04:00,2023-09-18 09:37:00-04:00,328.4552001953125,329.3399963378906,sell,-0.884796142578125,moving_average,stop_loss
2023-09-18 09:38:00-04:00,2023-09-18 09:40:00-04:00,329.8599853515625,328.7699890136719,sell,1.089996337890625,moving_average,take_profit
2023-09-18 09:42:00-04:00,2023-09-18 09:48:00-04:00,328.5400085449219,329.7025146484375,buy,1.162506103515625,moving_average,take_profit
2023-09-18 09:49:00-04:00,2023-09-18 09:50:00-04:00,329.6499938964844,330.19000244140625,sell,-0.540008544921875,moving_average,stop_loss
2023-09-18 09:51:00-04:00,2023-09-18 10:01:00-04:00,329.8500061035156,328.7799987792969,sell,1.07000732421875,moving_average,take_profit
2023-09-18 10:02:00-04:00,2023-09-18 10:20:00-04:00,328.6400146484375,329.6499938964844,buy,1.009979248046875,moving_average,take_profit
2023-09-18 10:23:00-04:00,2023-09-18 10:34:00-04:00,329.0249938964844,328.6444091796875,buy,-0.380584716796875,moving_average,stop_loss
2023-09-18 10:37:00-04:00,2023-09-18 11:18:00-04:00,328.3659973144531,329.4100036621094,buy,1.04400634765625,moving_average,take_profit
2023-09-18 11:19:00-04:00,2023-09-18 11:30:00-04:00,329.5849914550781,329.9820861816406,sell,-0.3970947265625,moving_average,stop_loss
2023-09-18 11:31:00-04:00,2023-09-18 12:09:00-04:00,330.2699890136719,329.1400146484375,sell,1.129974365234375,moving_average,take_profit
2023-09-18 12:19:00-04:00,2023-09-18 13:07:00-04:00,329.489990234375,328.3599853515625,sell,1.1300048828125,moving_average,take_profit
2023-09-18 13:08:00-04:00,2023-09-18 13:39:00-04:00,328.19000244140625,327.7300109863281,buy,-0.459991455078125,moving_average,stop_loss
2023-09-18 13:40:00-04:00,2023-09-18 13:44:00-04:00,327.6700134277344,327.3699951171875,buy,-0.300018310546875,moving_average,stop_loss
2023-09-18 13:49:00-04:00,2023-09-18 14:06:00-04:00,328.0899963378906,328.4100036621094,sell,-0.32000732421875,moving_average,stop_loss
2023-09-18 14:50:00-04:00,2023-09-18 14:54:00-04:00,327.1499938964844,326.5050048828125,buy,-0.644989013671875,moving_average,stop_loss
2023-09-18 14:55:00-04:00,2023-09-18 15:19:00-04:00,326.489990234375,327.6300048828125,buy,1.1400146484375,moving_average,take_profit
2023-09-18 15:55:00-04:00,2023-09-18 15:58:00-04:00,328.3800048828125,328.82000732421875,sell,-0.44000244140625,moving_average,stop_loss
2023-09-18 09:36:00-04:00,2023-09-18 10:36:00-04:00,140.8000030517578,140.44000244140625,buy,-0.3600006103515625,moving_average,stop_loss
2023-09-18 10:37:00-04:00,2023-09-18 10:51:00-04:00,140.15989685058594,139.77499389648438,buy,-0.3849029541015625,moving_average,stop_loss
2023-09-18 10:52:00-04:00,2023-09-18 11:06:00-04:00,139.7550048828125,139.4199981689453,buy,-0.3350067138671875,moving_average,stop_loss
2023-09-18 11:14:00-04:00,2023-09-18 11:31:00-04:00,139.64149475097656,139.9965057373047,sell,-0.355010986328125,moving_average,stop_loss
2023-09-18 11:32:00-04:00,2023-09-18 15:59:00-04:00,140.0749969482422,139.9600067138672,sell,0.114990234375,moving_average,last_row
2023-09-19 09:36:00-04:00,2023-09-19 10:02:00-04:00,178.30999755859375,177.25430297851562,sell,1.055694580078125,moving_average,take_profit
2023-09-19 10:03:00-04:00,2023-09-19 13:01:00-04:00,177.23989868164062,178.24000549316406,buy,1.0001068115234375,moving_average,take_profit
2023-09-19 14:36:00-04:00,2023-09-19 15:59:00-04:00,179.49009704589844,179.08999633789062,sell,0.4001007080078125,moving_average,last_row
2023-09-19 09:37:00-04:00,2023-09-19 09:41:00-04:00,326.29998779296875,327.3399963378906,sell,-1.040008544921875,moving_average,stop_loss
2023-09-19 09:42:00-04:00,2023-09-19 09:44:00-04:00,327.0849914550781,327.656005859375,sell,-0.571014404296875,moving_average,stop_loss
2023-09-19 09:45:00-04:00,2023-09-19 09:50:00-04:00,328.3720092773437,326.6600036621094,sell,1.7120056152343182,moving_average,take_profit
2023-09-19 09:51:00-04:00,2023-09-19 09:57:00-04:00,327.2799987792969,326.94000244140625,buy,-0.339996337890625,moving_average,stop_loss
2023-09-19 10:00:00-04:00,2023-09-19 10:01:00-04:00,326.4100036621094,325.8699951171875,buy,-0.540008544921875,moving_average,stop_loss
2023-09-19 10:02:00-04:00,2023-09-19 10:04:00-04:00,325.9700012207031,325.5,buy,-0.470001220703125,moving_average,stop_loss
2023-09-19 10:05:00-04:00,2023-09-19 10:36:00-04:00,325.4849853515625,325.1300048828125,buy,-0.35498046875,moving_average,stop_loss
2023-09-19 10:38:00-04:00,2023-09-19 10:40:00-04:00,324.8682861328125,324.54998779296875,buy,-0.31829833984375,moving_average,stop_loss
2023-09-19 10:45:00-04:00,2023-09-19 11:00:00-04:00,325.2699890136719,325.5799865722656,sell,-0.30999755859375,moving_average,stop_loss
2023-09-19 11:05:00-04:00,2023-09-19 11:38:00-04:00,325.79998779296875,326.1449890136719,sell,-0.345001220703125,moving_average,stop_loss
2023-09-19 11:57:00-04:00,2023-09-19 13:14:00-04:00,326.510009765625,326.8949890136719,sell,-0.384979248046875,moving_average,stop_loss
2023-09-19 13:18:00-04:00,2023-09-19 13:45:00-04:00,327.2799987792969,327.7886962890625,sell,-0.508697509765625,moving_average,stop_loss
2023-09-19 13:46:00-04:00,2023-09-19 13:50:00-04:00,327.7300109863281,328.04998779296875,sell,-0.319976806640625,moving_average,stop_loss
2023-09-19 14:35:00-04:00,2023-09-19 14:37:00-04:00,328.6099853515625,329.1099853515625,sell,-0.5,moving_average,stop_loss
2023-09-19 14:38:00-04:00,2023-09-19 14:58:00-04:00,328.9800109863281,327.95001220703125,sell,1.029998779296875,moving_average,take_profit
2023-09-19 14:59:00-04:00,2023-09-19 15:44:00-04:00,327.7300109863281,328.79229736328125,buy,1.062286376953125,moving_average,take_profit
2023-09-19 09:36:00-04:00,2023-09-19 09:48:00-04:00,137.8300018310547,137.14999389648438,buy,-0.6800079345703125,moving_average,stop_loss
2023-09-19 09:49:00-04:00,2023-09-19 09:50:00-04:00,137.32749938964844,136.9365997314453,buy,-0.390899658203125,moving_average,stop_loss
2023-09-19 09:52:00-04:00,2023-09-19 10:00:00-04:00,137.02000427246094,136.61000061035156,buy,-0.410003662109375,moving_average,stop_loss
2023-09-19 10:01:00-04:00,2023-09-19 10:28:00-04:00,136.50999450683594,136.16000366210938,buy,-0.3499908447265625,moving_average,stop_loss
2023-09-19 10:32:00-04:00,2023-09-19 10:39:00-04:00,136.12109375,135.72999572753906,buy,-0.3910980224609375,moving_average,stop_loss
2023-09-19 10:42:00-04:00,2023-09-19 12:56:00-04:00,136.2050018310547,136.57009887695312,sell,-0.3650970458984375,moving_average,stop_loss
2023-09-19 13:04:00-04:00,2023-09-19 13:45:00-04:00,136.84609985351562,137.15499877929688,sell,-0.30889892578125,moving_average,stop_loss
2023-09-19 13:47:00-04:00,2023-09-19 14:37:00-04:00,137.2100067138672,137.55999755859375,sell,-0.3499908447265625,moving_average,stop_loss
2023-09-19 14:47:00-04:00,2023-09-19 15:59:00-04:00,137.2252960205078,137.59849548339844,buy,0.373199462890625,moving_average,last_row
2023-09-20 09:44:00-04:00,2023-09-20 09:50:00-04:00,178.3697967529297,178.04010009765625,buy,-0.3296966552734375,moving_average,stop_loss
2023-09-20 09:55:00-04:00,2023-09-20 10:16:00-04:00,178.42999267578125,177.27999877929688,sell,1.149993896484375,moving_average,take_profit
2023-09-20 10:17:00-04:00,2023-09-20 11:21:00-04:00,177.30999755859375,176.94009399414062,buy,-0.369903564453125,moving_average,stop_loss
2023-09-20 11:35:00-04:00,2023-09-20 12:28:00-04:00,177.29249572753906,177.59930419921875,sell,-0.3068084716796875,moving_average,stop_loss
2023-09-20 13:13:00-04:00,2023-09-20 14:01:00-04:00,177.31509399414062,176.77000427246094,buy,-0.5450897216796875,moving_average,stop_loss
2023-09-20 14:02:00-04:00,2023-09-20 15:17:00-04:00,176.86830139160156,176.5500030517578,buy,-0.31829833984375,moving_average,stop_loss
2023-09-20 15:18:00-04:00,2023-09-20 15:34:00-04:00,176.4499969482422,176.110595703125,buy,-0.3394012451171875,moving_average,stop_loss
2023-09-20 15:35:00-04:00,2023-09-20 15:41:00-04:00,176.13999938964844,175.75,buy,-0.3899993896484375,moving_average,stop_loss
2023-09-20 15:42:00-04:00,2023-09-20 15:59:00-04:00,175.6300048828125,175.49000549316406,buy,-0.1399993896484375,moving_average,last_row
2023-09-20 09:37:00-04:00,2023-09-20 09:41:00-04:00,328.8999938964844,329.2349853515625,sell,-0.334991455078125,moving_average,stop_loss
2023-09-20 09:50:00-04:00,2023-09-20 10:13:00-04:00,328.6199951171875,328.2349853515625,buy,-0.385009765625,moving_average,stop_loss
2023-09-20 10:14:00-04:00,2023-09-20 10:21:00-04:00,328.010009765625,327.6099853515625,buy,-0.4000244140625,moving_average,stop_loss
2023-09-20 10:49:00-04:00,2023-09-20 10:58:00-04:00,327.70001220703125,327.3500061035156,buy,-0.350006103515625,moving_average,stop_loss
2023-09-20 10:59:00-04:00,2023-09-20 11:04:00-04:00,327.2799987792969,326.8399963378906,buy,-0.44000244140625,moving_average,stop_loss
2023-09-20 11:40:00-04:00,2023-09-20 11:59:00-04:00,326.0799865722656,327.20001220703125,buy,1.120025634765625,moving_average,take_profit
2023-09-20 12:17:00-04:00,2023-09-20 13:05:00-04:00,326.489990234375,326.1199951171875,buy,-0.3699951171875,moving_average,stop_loss
2023-09-20 14:00:00-04:00,2023-09-20 14:03:00-04:00,324.6499938964844,324.1300048828125,buy,-0.519989013671875,moving_average,stop_loss
2023-09-20 14:04:00-04:00,2023-09-20 14:24:00-04:00,324.4100036621094,325.6099853515625,buy,1.199981689453125,moving_average,take_profit
2023-09-20 14:25:00-04:00,2023-09-20 14:31:00-04:00,325.8500061035156,326.29998779296875,sell,-0.449981689453125,moving_average,stop_loss
2023-09-20 14:32:00-04:00,2023-09-20 14:40:00-04:00,326.44000244140625,325.3800048828125,sell,1.05999755859375,moving_average,take_profit
2023-09-20 14:45:00-04:00,2023-09-20 14:47:00-04:00,324.9849853515625,324.29998779296875,buy,-0.68499755859375,moving_average,stop_loss
2023-09-20 14:48:00-04:00,2023-09-20 14:50:00-04:00,324.4599914550781,324.0400085449219,buy,-0.41998291015625,moving_average,stop_loss
2023-09-20 15:07:00-04:00,2023-09-20 15:12:00-04:00,323.6610107421875,323.3349914550781,buy,-0.326019287109375,moving_average,stop_loss
2023-09-20 15:13:00-04:00,2023-09-20 15:17:00-04:00,323.1000061035156,322.739990234375,buy,-0.360015869140625,moving_average,stop_loss
2023-09-20 15:18:00-04:00,2023-09-20 15:24:00-04:00,322.6499938964844,323.70001220703125,buy,1.050018310546875,moving_average,take_profit
2023-09-20 15:25:00-04:00,2023-09-20 15:32:00-04:00,323.69000244140625,322.5150146484375,sell,1.17498779296875,moving_average,take_profit
2023-09-20 15:33:00-04:00,2023-09-20 15:54:00-04:00,322.04998779296875,321.70001220703125,buy,-0.3499755859375,moving_average,stop_loss
2023-09-20 15:57:00-04:00,2023-09-20 15:58:00-04:00,321.3599853515625,320.69000244140625,buy,-0.66998291015625,moving_average,stop_loss
2023-09-20 09:36:00-04:00,2023-09-20 10:14:00-04:00,138.9553985595703,137.9550018310547,sell,1.000396728515625,moving_average,take_profit
2023-09-20 10:15:00-04:00,2023-09-20 10:53:00-04:00,137.93499755859375,137.6300048828125,buy,-0.30499267578125,moving_average,stop_loss
2023-09-20 10:57:00-04:00,2023-09-20 11:05:00-04:00,137.47999572753906,137.17999267578125,buy,-0.3000030517578125,moving_average,stop_loss
2023-09-20 11:26:00-04:00,2023-09-20 14:00:00-04:00,137.06500244140625,136.74000549316406,buy,-0.3249969482421875,moving_average,stop_loss
2023-09-20 14:01:00-04:00,2023-09-20 15:07:00-04:00,136.69309997558594,136.3699951171875,buy,-0.3231048583984375,moving_average,stop_loss
2023-09-20 15:08:00-04:00,2023-09-20 15:13:00-04:00,136.35989379882812,136.02999877929688,buy,-0.32989501953125,moving_average,stop_loss
2023-09-20 15:14:00-04:00,2023-09-20 15:32:00-04:00,136.0299072265625,135.72579956054688,buy,-0.304107666015625,moving_average,stop_loss
2023-09-20 15:33:00-04:00,2023-09-20 15:58:00-04:00,135.57989501953125,135.2100067138672,buy,-0.3698883056640625,moving_average,stop_loss
2023-09-21 09:36:00-04:00,2023-09-21 09:56:00-04:00,175.7418975830078,174.72500610351562,sell,1.0168914794921875,moving_average,take_profit
2023-09-21 10:05:00-04:00,2023-09-21 10:06:00-04:00,175.02000427246094,175.35000610351562,sell,-0.3300018310546875,moving_average,stop_loss
2023-09-21 10:07:00-04:00,2023-09-21 10:38:00-04:00,175.6667938232422,176.02000427246094,sell,-0.35321044921875,moving_average,stop_loss
2023-09-21 10:39:00-04:00,2023-09-21 11:09:00-04:00,176.19000244140625,175.1800994873047,sell,1.0099029541015625,moving_average,take_profit
2023-09-21 11:12:00-04:00,2023-09-21 14:25:00-04:00,175.07000732421875,174.67999267578125,buy,-0.3900146484375,moving_average,stop_loss
2023-09-21 14:38:00-04:00,2023-09-21 15:59:00-04:00,174.8498992919922,173.92999267578125,sell,0.9199066162109375,moving_average,last_row
2023-09-21 09:37:00-04:00,2023-09-21 09:44:00-04:00,320.1099853515625,319.0150146484375,sell,1.094970703125,moving_average,take_profit
2023-09-21 09:45:00-04:00,2023-09-21 09:46:00-04:00,318.92999267578125,318.5,buy,-0.42999267578125,moving_average,stop_loss
2023-09-21 09:47:00-04:00,2023-09-21 09:49:00-04:00,318.5950012207031,318.1549987792969,buy,-0.44000244140625,moving_average,stop_loss
2023-09-21 09:50:00-04:00,2023-09-21 09:53:00-04:00,317.9377136230469,317.5,buy,-0.437713623046875,moving_average,stop_loss
2023-09-21 09:54:00-04:00,2023-09-21 10:01:00-04:00,317.54998779296875,317.2200012207031,buy,-0.329986572265625,moving_average,stop_loss
2023-09-21 10:03:00-04:00,2023-09-21 10:17:00-04:00,317.0350036621094,319.760009765625,buy,2.725006103515625,moving_average,take_profit
2023-09-21 10:18:00-04:00,2023-09-21 10:19:00-04:00,321.6499938964844,323.8699951171875,sell,-2.220001220703125,moving_average,stop_loss
2023-09-21 10:20:00-04:00,2023-09-21 10:21:00-04:00,321.8999938964844,323.739990234375,sell,-1.839996337890625,moving_average,stop_loss
2023-09-21 10:22:00-04:00,2023-09-21 10:25:00-04:00,322.29998779296875,321.1600036621094,sell,1.139984130859375,moving_average,take_profit
2023-09-21 10:26:00-04:00,2023-09-21 10:34:00-04:00,320.70001220703125,321.7650146484375,buy,1.06500244140625,moving_average,take_profit
2023-09-21 10:35:00-04:00,2023-09-21 10:36:00-04:00,321.94989013671875,322.7969970703125,sell,-0.84710693359375,moving_average,stop_loss
2023-09-21 10:37:00-04:00,2023-09-21 10:38:00-04:00,322.8349914550781,324.5784912109375,sell,-1.743499755859375,moving_average,stop_loss
2023-09-21 10:39:00-04:00,2023-09-21 10:42:00-04:00,324.4949951171875,325.20001220703125,sell,-0.70501708984375,moving_average,stop_loss
2023-09-21 10:44:00-04:00,2023-09-21 10:45:00-04:00,323.5400085449219,322.9200134277344,buy,-0.6199951171875,moving_average,stop_loss
2023-09-21 10:46:00-04:00,2023-09-21 10:48:00-04:00,323.1499938964844,322.4200134277344,buy,-0.72998046875,moving_average,stop_loss
2023-09-21 10:49:00-04:00,2023-09-21 10:54:00-04:00,322.5899963378906,324.42999267578125,buy,1.839996337890625,moving_average,take_profit
2023-09-21 10:55:00-04:00,2023-09-21 11:02:00-04:00,323.9700012207031,322.9549865722656,sell,1.0150146484375,moving_average,take_profit
2023-09-21 11:03:00-04:00,2023-09-21 11:06:00-04:00,322.760009765625,323.8299865722656,buy,1.069976806640625,moving_average,take_profit
2023-09-21 11:07:00-04:00,2023-09-21 11:09:00-04:00,324.0599975585937,323.0014953613281,sell,1.0585021972655682,moving_average,take_profit
2023-09-21 11:10:00-04:00,2023-09-21 11:13:00-04:00,322.85479736328125,322.1400146484375,buy,-0.71478271484375,moving_average,stop_loss
2023-09-21 11:14:00-04:00,2023-09-21 11:15:00-04:00,322.32000732421875,321.94000244140625,buy,-0.3800048828125,moving_average,stop_loss
2023-09-21 11:16:00-04:00,2023-09-21 12:01:00-04:00,321.8500061035156,321.29998779296875,buy,-0.550018310546875,moving_average,stop_loss
2023-09-21 12:02:00-04:00,2023-09-21 12:22:00-04:00,321.2149963378906,320.510009765625,buy,-0.704986572265625,moving_average,stop_loss
2023-09-21 12:26:00-04:00,2023-09-21 12:51:00-04:00,320.2699890136719,321.37139892578125,buy,1.101409912109375,moving_average,take_profit
2023-09-21 12:52:00-04:00,2023-09-21 13:05:00-04:00,321.54998779296875,321.8500061035156,sell,-0.300018310546875,moving_average,stop_loss
2023-09-21 13:06:00-04:00,2023-09-21 13:08:00-04:00,321.9961853027344,322.552490234375,sell,-0.556304931640625,moving_average,stop_loss
2023-09-21 13:09:00-04:00,2023-09-21 13:11:00-04:00,322.5599975585937,323.0498962402344,sell,-0.48989868164068184,moving_average,stop_loss
2023-09-21 13:34:00-04:00,2023-09-21 13:42:00-04:00,322.2900085449219,321.875,buy,-0.415008544921875,moving_average,stop_loss
2023-09-21 13:43:00-04:00,2023-09-21 14:16:00-04:00,321.7099914550781,321.3398132324219,buy,-0.37017822265625,moving_average,stop_loss
2023-09-21 14:23:00-04:00,2023-09-21 14:29:00-04:00,320.92999267578125,320.489990234375,buy,-0.44000244140625,moving_average,stop_loss
2023-09-21 14:38:00-04:00,2023-09-21 15:09:00-04:00,321.1400146484375,320.04998779296875,sell,1.09002685546875,moving_average,take_profit
2023-09-21 15:10:00-04:00,2023-09-21 15:38:00-04:00,319.8999938964844,321.1300048828125,buy,1.230010986328125,moving_average,take_profit
2023-09-21 15:40:00-04:00,2023-09-21 15:46:00-04:00,321.19000244140625,321.5599975585937,sell,-0.36999511718744316,moving_average,stop_loss
2023-09-21 15:50:00-04:00,2023-09-21 15:55:00-04:00,320.3999938964844,319.9800109863281,buy,-0.41998291015625,moving_average,stop_loss
2023-09-21 15:56:00-04:00,2023-09-21 15:59:00-04:00,319.75,319.5400085449219,buy,-0.209991455078125,moving_average,last_row
